{
  "users": [
    {
      "id": 1,
      "name": "Paweł Garncarz",
      "username": "pawel",
      "email": "pawel@chev.pl",
      "address": {
        "street": "Kulas Light",
        "suite": "Apt. 556",
        "city": "Gwenborough",
        "zipcode": "92998-3874",
        "geo": {
          "lat": "-37.3159",
          "lng": "81.1496"
        }
      },
      "phone": "+48 607292717",
      "website": "chev.pl",
      "company": {
        "name": "Romaguera-Crona",
        "catchPhrase": "Multi-layered client-server neural-net",
        "bs": "harness real-time e-markets"
      },
      "roles": [
        "USER"
      ]
    },
    {
      "id": 2,
      "name": "Administrator",
      "username": "admin",
      "email": "admin@chev.pl",
      "address": {
        "street": "Victor Plains",
        "suite": "Suite 879",
        "city": "Wisokyburgh",
        "zipcode": "90566-7771",
        "geo": {
          "lat": "-43.9509",
          "lng": "-34.4618"
        }
      },
      "phone": "010-692-6593 x09125",
      "website": "anastasia.net",
      "company": {
        "name": "Deckow-Crist",
        "catchPhrase": "Proactive didactic contingency",
        "bs": "synergize scalable supply-chains"
      },
      "roles": [
        "ADMIN",
        "USER"
      ]
    },
    {
      "id": 3,
      "name": "Anna Kowalska",
      "username": "AnnKow",
      "email": "anna@chev.pl",
      "address": {
        "street": "Douglas Extension",
        "suite": "Suite 847",
        "city": "McKenziehaven",
        "zipcode": "59590-4157",
        "geo": {
          "lat": "-68.6102",
          "lng": "-47.0653"
        }
      },
      "phone": "1-463-123-4447",
      "website": "ramiro.info",
      "company": {
        "name": "Romaguera-Jacobson",
        "catchPhrase": "Face to face bifurcated interface",
        "bs": "e-enable strategic applications"
      },
      "roles": [
        "USER"
      ]
    },
    {
      "id": 4,
      "name": "Jan Nowak",
      "username": "JanNow",
      "email": "J.kowalski@kory.org",
      "address": {
        "street": "Hoeger Mall",
        "suite": "Apt. 692",
        "city": "South Elvis",
        "zipcode": "53919-4257",
        "geo": {
          "lat": "29.4572",
          "lng": "-164.2990"
        }
      },
      "phone": "493-170-9623 x156",
      "website": "kale.biz",
      "company": {
        "name": "Robel-Corkery",
        "catchPhrase": "Multi-tiered zero tolerance productivity",
        "bs": "transition cutting-edge web services"
      },
      "roles": [
        "USER"
      ]
    },
    {
      "id": 5,
      "name": "Maria Nowakowska",
      "username": "MarNow",
      "email": "maria.nowakowska@annie.ca",
      "address": {
        "street": "Skiles Walks",
        "suite": "Suite 351",
        "city": "Roscoeview",
        "zipcode": "33263",
        "geo": {
          "lat": "-31.8129",
          "lng": "62.5342"
        }
      },
      "phone": "(254)954-1289",
      "website": "demarco.info",
      "company": {
        "name": "Keebler LLC",
        "catchPhrase": "User-centric fault-tolerant solution",
        "bs": "revolutionize end-to-end systems"
      },
      "roles": [
        "USER"
      ]
    },
    {
      "id": 6,
      "name": "abcd",
      "username": "abcd",
      "email": "abcd@abcd.info",
      "address": {
        "street": "Norberto Crossing",
        "suite": "Apt. 950",
        "city": "South Christy",
        "zipcode": "23505-1337",
        "geo": {
          "lat": "-71.4197",
          "lng": "71.7478"
        }
      },
      "phone": "1-477-935-8478 x6430",
      "website": "ola.org",
      "company": {
        "name": "Considine-Lockman",
        "catchPhrase": "Synchronised bottom-line interface",
        "bs": "e-enable innovative applications"
      },
      "roles": [
        "USER"
      ]
    },
    {
      "id": 7,
      "name": "ABCD",
      "username": "ABCD",
      "email": "abcd@nowy.biz",
      "address": {
        "street": "Rex Trail",
        "suite": "Suite 280",
        "city": "Howemouth",
        "zipcode": "58804-1099",
        "geo": {
          "lat": "24.8918",
          "lng": "21.8984"
        }
      },
      "phone": "210.067.6132",
      "website": "elvis.io",
      "company": {
        "name": "Johns Group",
        "catchPhrase": "Configurable multimedia task-force",
        "bs": "generate enterprise e-tailers"
      },
      "roles": [
        "USER"
      ]
    },
    {
      "id": 8,
      "name": "Swięty Mikołaj",
      "username": "SM",
      "email": "sm@rosamond.me",
      "address": {
        "street": "Ellsworth Summit",
        "suite": "Suite 729",
        "city": "Aliyaview",
        "zipcode": "45169",
        "geo": {
          "lat": "-14.3990",
          "lng": "-120.7677"
        }
      },
      "phone": "586.493.6943 x140",
      "website": "jacynthe.com",
      "company": {
        "name": "Abernathy Group",
        "catchPhrase": "Implemented secondary concept",
        "bs": "e-enable extensible e-tailers"
      },
      "roles": [
        "USER"
      ]
    },
    {
      "id": 9,
      "name": "1234",
      "username": "1234",
      "email": "admin123@dana.io",
      "address": {
        "street": "Dayna Park",
        "suite": "Suite 449",
        "city": "Bartholomebury",
        "zipcode": "76495-3109",
        "geo": {
          "lat": "24.6463",
          "lng": "-168.8889"
        }
      },
      "phone": "(775)976-6794 x41206",
      "website": "conrad.com",
      "company": {
        "name": "Yost and Sons",
        "catchPhrase": "Switchable contextually-based project",
        "bs": "aggregate real-time technologies"
      },
      "roles": [
        "USER"
      ]
    },
    {
      "id": 10,
      "name": "Test",
      "username": "test",
      "email": "test@test.biz",
      "address": {
        "street": "Kattie Turnpike",
        "suite": "Suite 198",
        "city": "Lebsackbury",
        "zipcode": "31428-2261",
        "geo": {
          "lat": "-38.2386",
          "lng": "57.2232"
        }
      },
      "phone": "024-648-3804",
      "website": "ambrose.net",
      "company": {
        "name": "Hoeger LLC",
        "catchPhrase": "Centralized empowering task-force",
        "bs": "target end-to-end models"
      },
      "roles": [
        "USER"
      ]
    }
  ],
  "todos": [
    {
      "userId": 1,
      "id": 1,
      "title": "delectus aut autem",
      "completed": false
    },
    {
      "userId": 1,
      "id": 2,
      "title": "quis ut nam facilis et officia qui",
      "completed": false
    },
    {
      "userId": 1,
      "id": 14,
      "title": "repellendus sunt dolores architecto voluptatum",
      "completed": true
    },
    {
      "userId": 2,
      "id": 25,
      "title": "voluptas quo tenetur perspiciatis explicabo natus",
      "completed": true
    },
    {
      "userId": 2,
      "id": 32,
      "title": "earum doloribus ea doloremque quis",
      "completed": false
    },
    {
      "userId": 2,
      "id": 33,
      "title": "sint sit aut vero",
      "completed": false
    },
    {
      "userId": 3,
      "id": 57,
      "title": "pariatur et magnam ea doloribus similique voluptatem rerum quia",
      "completed": false
    },
    {
      "userId": 3,
      "id": 58,
      "title": "est dicta totam qui explicabo doloribus qui dignissimos",
      "completed": false
    },
    {
      "userId": 4,
      "id": 76,
      "title": "sequi dolorem sed",
      "completed": true
    },
    {
      "userId": 5,
      "id": 90,
      "title": "molestiae nisi accusantium tenetur dolorem et",
      "completed": true
    },
    {
      "userId": 5,
      "id": 91,
      "title": "nulla quis consequatur saepe qui id expedita",
      "completed": true
    },
    {
      "userId": 6,
      "id": 109,
      "title": "autem temporibus harum quisquam in culpa",
      "completed": true
    },
    {
      "userId": 6,
      "id": 110,
      "title": "aut aut ea corporis",
      "completed": true
    },
    {
      "userId": 7,
      "id": 133,
      "title": "et labore eos enim rerum consequatur sunt",
      "completed": true
    },
    {
      "userId": 7,
      "id": 134,
      "title": "molestiae doloribus et laborum quod ea",
      "completed": false
    },
    {
      "userId": 8,
      "id": 147,
      "title": "eum itaque quod reprehenderit et facilis dolor autem ut",
      "completed": true
    },
    {
      "userId": 8,
      "id": 148,
      "title": "esse quas et quo quasi exercitationem",
      "completed": false
    },
    {
      "userId": 8,
      "id": 157,
      "title": "dolorem veniam quisquam deserunt repellendus",
      "completed": true
    },
    {
      "userId": 8,
      "id": 158,
      "title": "debitis vitae delectus et harum accusamus aut deleniti a",
      "completed": true
    },
    {
      "userId": 9,
      "id": 173,
      "title": "harum ad aperiam quis",
      "completed": false
    },
    {
      "userId": 9,
      "id": 174,
      "title": "similique aut quo",
      "completed": false
    },
    {
      "userId": 10,
      "id": 188,
      "title": "vel non beatae est",
      "completed": true
    },
    {
      "title": "test",
      "userId": 2,
      "createdAt": 1623186174410,
      "id": 204
    },
    {
      "title": "test",
      "userId": 1,
      "createdAt": 1623519119009,
      "id": 205
    },
    {
      "title": "test1",
      "userId": 1,
      "createdAt": 1623519307799,
      "id": 206
    },
    {
      "title": "test1",
      "userId": 1,
      "createdAt": 1623519309442,
      "id": 207
    },
    {
      "title": "test",
      "userId": 2,
      "createdAt": 1623519530072,
      "id": 208
    },
    {
      "title": "test21",
      "userId": 2,
      "createdAt": 1623525540321,
      "id": 209
    },
    {
      "title": "inne",
      "userId": 2,
      "createdAt": 1623738117766,
      "id": 210
    },
    {
      "title": "inne",
      "userId": 2,
      "createdAt": 1623738128235,
      "id": 211
    }
  ],
  "comments": [
    {
      "postId": 1,
      "id": 1,
      "name": "id labore ex et quam laborum",
      "email": "Eliseo@gardner.biz",
      "body": "laudantium enim quasi est quidem magnam voluptate ipsam eos\ntempora quo necessitatibus\ndolor quam autem quasi\nreiciendis et nam sapiente accusantium"
    },
    {
      "postId": 8,
      "id": 40,
      "name": "non minima omnis deleniti pariatur facere quibusdam at",
      "email": "Clare.Aufderhar@nicole.ca",
      "body": "quod minus alias quos\nperferendis labore molestias quae ut ut corporis deserunt vitae\net quaerat ut et ullam unde asperiores\ncum voluptatem cumque"
    },
    {
      "postId": 11,
      "id": 51,
      "name": "molestias et odio ut commodi omnis ex",
      "email": "Laurie@lincoln.us",
      "body": "perferendis omnis esse\nvoluptate sit mollitia sed perferendis\nnemo nostrum qui\nvel quis nisi doloribus animi odio id quas"
    },
    {
      "postId": 21,
      "id": 101,
      "name": "perspiciatis magnam ut eum autem similique explicabo expedita",
      "email": "Lura@rod.tv",
      "body": "ut aut maxime officia sed aliquam et magni autem\nveniam repudiandae nostrum odio enim eum optio aut\nomnis illo quasi quibusdam inventore explicabo\nreprehenderit dolor saepe possimus molestiae"
    },
    {
      "postId": 29,
      "id": 143,
      "name": "velit molestiae assumenda perferendis voluptas explicabo",
      "email": "Bertha@erik.co.uk",
      "body": "est quasi maiores nisi reiciendis enim\ndolores minus facilis laudantium dignissimos\nreiciendis et facere occaecati dolores et\npossimus et vel et aut ipsa ad"
    },
    {
      "postId": 37,
      "id": 185,
      "name": "natus assumenda ut",
      "email": "Vivianne@ima.us",
      "body": "deleniti non et corrupti delectus ea cupiditate\nat nihil fuga rerum\ntemporibus doloribus unde sed alias\nducimus perspiciatis quia debitis fuga"
    },
    {
      "postId": 52,
      "id": 258,
      "name": "omnis quia fugit nisi officiis aspernatur occaecati et",
      "email": "Glenna@caesar.org",
      "body": "aut cum sint qui facere blanditiis magnam consequuntur perspiciatis\nharum impedit reprehenderit iste doloribus quia quo facere\net explicabo aut voluptate modi dolorem\nrem aut nobis ut ad voluptatum ipsum eos maxime"
    },
    {
      "postId": 100,
      "id": 499,
      "name": "excepturi sunt cum a et rerum quo voluptatibus quia",
      "email": "Wilburn_Labadie@araceli.name",
      "body": "et necessitatibus tempora ipsum quaerat inventore est quasi quidem\nea repudiandae laborum omnis ab reprehenderit ut\nratione sit numquam culpa a rem\natque aut et"
    },
    {
      "postId": 100,
      "id": 500,
      "name": "ex eaque eum natus",
      "email": "Emma@joanny.ca",
      "body": "perspiciatis quis doloremque\nveniam nisi eos velit sed\nid totam inventore voluptatem laborum et eveniet\naut aut aut maxime quia temporibus ut omnis"
    }
  ]
}